{"name": ["유스테이추자", "제일식당", "봉골레밥상", "추자북경", "유가네한우곰탕", "추자바다숯불갈비", "황금섬숯불갈비", "보라네", "추자향기", "고향향토장터"], "address": ["제주특별자치도 제주시 추자면 신양2길 28-12", "제주특별자치도 제주시 추자면 추자로 16-2", "제주특별자치도 제주시 추자면 대서3길 40 1층", "제주특별자치도 제주시 추자면 신양서길 13-9 1층", "제주특별자치도 제주시 추자면 추자로 50 1층", "제주특별자치도 제주시 추자면 추자로 94-1", "제주특별자치도 제주시 추자면 추자로 36", "제주특별자치도 제주시 추자면 추자로 96 1층", "제주특별자치도 제주시 추자면 추자로 42", "제주특별자치도 제주시 추자면 추자로 576 신양어촌계 1층"], "OMscore": [4.678966075876694, 4.672870009087205, 4.6626222616643265, 4.662483643122634, 4.662481272534135, 4.6573719128935736, 4.653807807504407, 4.653240359872738, 4.651628742997595, 4.650694704466099], "Latitude": [33.94477, 33.96364, 33.96293, 33.9419531, 33.96272, 33.95972, 33.96302, 33.95955, 33.9627928, 33.94541], "Longtitude": [126.3304, 126.2972, 126.2946, 126.3204842, 126.2942, 126.2963, 126.2957, 126.2963, 126.2953354, 126.3279], "upjong": ["기타", "한식", "기타", "중국식", "식육(숯불구이)", "식육(숯불구이)", "식육(숯불구이)", "한식", "한식", "한식"]}