{"name": ["제주기역", "트라몬토제주모슬포본점", "호커센터", "쉬다가게", "오만정성", "장어창고", "제주나무처럼", "쪼끄뜨레", "동명정류장", "수르르"], "address": ["제주특별자치도 제주시 한림읍 협재1길 19-8 1층", "제주특별자치도 서귀포시 대정읍 하모항구로 38", "제주특별자치도 제주시 애월읍 애월로11길 25-2", "제주특별자치도 제주시 애월읍 구엄길 66 1층", "제주특별자치도 제주시 한림읍 일주서로 5083 1층", "제주특별자치도 제주시 한경면 두신로 146 1층", "제주특별자치도 제주시 한림읍 홍수암로 3-1 1층", "제주특별자치도 제주시 한경면 두신로 85 B동 1층", "제주특별자치도 제주시 한림읍 동명7길 26 1층", "제주특별자치도 제주시 한림읍 금능5길 26 1층"], "OMscore": [4.889999447348223, 4.882542623090095, 4.874877772012325, 4.865095468518967, 4.862050124046679, 4.860900206988215, 4.86081974869148, 4.858890564181008, 4.856381134051071, 4.8346908593536995], "Latitude": [33.3976259, 33.2174692, 33.4669387, 33.48025, 33.389078, 33.35517, 33.3844265, 33.35062, 33.3971282, 33.3892327], "Longtitude": [126.2429375, 126.2498802, 126.3203654, 126.3764, 126.2504324, 126.1867, 126.2262826, 126.1833, 126.2663189, 126.2271612]}